Brand,Model,Storage,Ram,ScreenSize,Camera,Battery,Weight,Dimensions,Processor,Os,ReleaseYear,NetworkType,ChargingPower,WaterResistance,Material,Colors,ColorImages,ImageFront,ImageBack,ImageSide
Samsung,Galaxy Note20,"128GB 6GB RAM, 128GB 8GB RAM, 128GB 12GB RAM, 256GB 8GB RAM, 256GB 12GB RAM, 512GB 12GB RAM",6-12GB RAM,"6.9""",Triple,4500mAh,208.00,161.6 x 75.2 x 8.3 mm,Octa-core (2x2.73 GHz Mongoose M5 & 2x2.50 GHz Cortex-A76 & 4x2.0 GHz Cortex-A55) - GlobalOcta-core (1x3.0 GHz Kryo 585 & 3x2.42 GHz Cortex-A77 & 4x1.80 GHz Cortex-A55) - USA,"Android 10, up to Android 13, One UI 5",2021,"2, 5, 41, 66, 71, 260, 261 SA/NSA/Sub6/mmWave - SM-N986U","25W wired, PD3.015W wireless (Qi)4.5W reverse wireless",Corning Gorilla Glass Victus,"Glass front (Gorilla Glass Victus), glass back (Gorilla Glass Victus), stainless steel frame","Mystic Black, Mystic Bronze, Mystic Green","{""Mystic Black"": ""images/phones/Samsung_Galaxy_Note20_Mystic_Black.jpg"", ""Mystic Bronze"": ""images/phones/Samsung_Galaxy_Note20_Mystic_Bronze.jpg"", ""Mystic Green"": ""images/phones/Samsung_Galaxy_Note20_Mystic_Green.jpg""}",,,
Samsung,Galaxy Z Fold,256GB/512GB,12GB,"7.3""",Triple,4380mAh,,,,,2019,,,,,,,,,
Samsung,Galaxy Z Fold2,"256GB 12GB RAM, 512GB 12GB RAM, 1TB 12GB RAM, 1TB 16GB RAM",12/16GB RAM,"8.0""",Triple,4400mAh,282.00,159.2 x 128.2 x 6.9 mm,Qualcomm Snapdragon 865+,Android,2020,"1, 3, 5, 7, 8, 28, 40, 41, 77, 78 Sub6 - SM-F916B",25W wired11W wireless4.5W reverse wireless,,"Glass front (folded), plastic front (unfolded), glass back, aluminum frame",Mystic Bronze,"{""Mystic Bronze"": ""images/phones/Samsung_Galaxy_Z_Fold2_Mystic_Bronze.jpg""}",,,
Samsung,Galaxy S20 Ultra,"128GB 12GB RAM, 256GB 12GB RAM, 512GB 16GB RAM",12/16GB RAM,"6.9""",Triple,5000mAh,222.00,166.9 x 76.0 x 8.8 mm,Octa-core (2x2.73 GHz Mongoose M5 & 2x2.50 GHz Cortex-A76 & 4x2.0 GHz Cortex-A55) - GlobalOcta-core (1x2.84 GHz Cortex-A77 & 3x2.42 GHz Cortex-A77 & 4x1.80 GHz Cortex-A55) - USA,"Android 10, up to Android 13, One UI 5.1",2020,"1, 3, 5, 7, 8, 28, 40, 77, 78 SA/NSA/Sub6 - SM-G988B","45W wired, PD3.015W wireless (Qi)4.5W reverse wireless",Corning Gorilla Glass 6,"Glass front (Gorilla Glass 6), glass back (Gorilla Glass 6), aluminum frame","Cosmic Black, Cosmic Grey, Cloud White","{""Cosmic Black"": ""images/phones/Samsung_Galaxy_S20_Ultra_Cosmic_Black.jpg"", ""Cosmic Grey"": ""images/phones/Samsung_Galaxy_S20_Ultra_Cosmic_Grey.jpg"", ""Cloud White"": ""images/phones/Samsung_Galaxy_S20_Ultra_Cloud_White.jpg""}",,,
Samsung,Galaxy S23 Ultra,"256GB 8GB RAM, 256GB 12GB RAM, 512GB 12GB RAM, 1TB 12GB RAM",8/12GB RAM,"6.8""",TBD,5000mAh,234.00,163.4 x 78.1 x 8.9 mm,Octa-core (1x3.36 GHz Cortex-X3 & 2x2.8 GHz Cortex-A715 & 2x2.8 GHz Cortex-A710 & 3x2.0 GHz Cortex-A510),Android,2023,"1, 2, 3, 5, 7, 8, 12, 20, 25, 28, 38, 40, 41, 66, 75, 77, 78 SA/NSA/Sub6 - International","45W wired, PD3.0, 65% in 30 min15W wireless (Qi)4.5W reverse wireless",Corning Gorilla Glass Victus 2,"Glass front (Gorilla Glass Victus 2), glass back (Gorilla Glass Victus 2), aluminum frame","Phantom Black, Cream, Lavender, Green","{""Phantom Black"": ""images/phones/Samsung_Galaxy_S23_Ultra_Phantom_Black.jpg"", ""Cream"": ""images/phones/Samsung_Galaxy_S23_Ultra_Cream.jpg"", ""Lavender"": ""images/phones/Samsung_Galaxy_S23_Ultra_Lavender.jpg"", ""Green"": ""images/phones/Samsung_Galaxy_S23_Ultra_Green.jpg""}",,,
Apple,iPhone 16 Pro,"128GB, 256GB, 512GB, 1TB",8GB,"6.3""",Triple,3582mAh,199.00,149.6 x 71.5 x 8.25 mm,Apple A18 Pro,iOS,2024,Technology,"Wired, PD2.0, 50% in 30 min25W wireless (MagSafe), 15W wireless (China only)15W wireless (Qi2)4.5W reverse wired","Ceramic Shield glass (2024 gen), Mohs level 4","Glass front, glass back, titanium frame (grade 5)","Black Titanium, White Titanium, Natural Titanium, Desert Titanium","{""Black Titanium"": ""images/phones/Apple_iPhone_16_Pro_Black_Titanium.jpg"", ""White Titanium"": ""images/phones/Apple_iPhone_16_Pro_White_Titanium.jpg"", ""Natural Titanium"": ""images/phones/Apple_iPhone_16_Pro_Natural_Titanium.jpg"", ""Desert Titanium"": ""images/phones/Apple_iPhone_16_Pro_Desert_Titanium.jpg""}",,,
Samsung,Galaxy S24,"256GB 12GB RAM, 512GB 12GB RAM, 1TB 12GB RAM",12GB RAM,"6.8""",TBD,5000mAh,232.00,147.0 x 70.6 x 7.6 mm,8-core (1x3.39GHz Cortex-X4 & 3x3.1GHz Cortex-A720 & 2x2.9GHz Cortex-A720 & 2x2.2GHz Cortex-A520),Android,2024,"1, 2, 3, 5, 7, 8, 12, 20, 25, 26, 28, 38, 40, 41, 66, 75, 77, 78 SA/NSA/Sub6 - International","45W wired, PD3.0, 65% in 30 min15W wireless (Qi)4.5W reverse wireless",Corning Gorilla Armor,"Glass front (Corning Gorilla Armor), glass back (Corning Gorilla Armor), titanium frame (grade 2)","Black, Yellow, Blue, Mint, Orange","{""Black"": ""images/phones/Samsung_Galaxy_S24_Black.jpg"", ""Yellow"": ""images/phones/Samsung_Galaxy_S24_Yellow.jpg"", ""Blue"": ""images/phones/Samsung_Galaxy_S24_Blue.jpg"", ""Mint"": ""images/phones/Samsung_Galaxy_S24_Mint.jpg"", ""Orange"": ""images/phones/Samsung_Galaxy_S24_Orange.jpg""}",,,
ASUS,ROG Phone 3,"128GB 8GB RAM, 128GB 12GB RAM, 256GB 12GB RAM, 512GB 12GB RAM, 512GB 16GB RAM",8-16GB RAM,"6.59""",Triple,6000mAh,240.00,171.0 x 78.0 x 9.85 mm,Qualcomm SM8250 Snapdragon 865 5G+ (7 nm+),Android,2020,Technology,"30W wired, PD3.0, QC410W reverse wired",Corning Gorilla Glass 6,"Glass front (Gorilla Glass 6), glass back (Gorilla Glass 3), aluminum frame",Black Glare,"{""Black Glare"": ""images/phones/ASUS_ROG_Phone_3_Black_Glare.jpg""}",,,
Apple,iPhone 14 Pro Max,"128GB, 256GB, 512GB, 1TB",6GB,"6.7""",Triple,4323mAh,240.00,160.7 x 77.6 x 7.85 mm,Apple A16 Bionic,iOS,2022,Technology,"Wired, PD2.0, 50% in 30 min15W wireless (MagSafe)15W wireless (Qi2) - requires iOS 17.2 update",Ceramic Shield glass,"Glass front, glass back, stainless steel frame","Space Black, Silver, Gold, Deep Purple","{""Space Black"": ""images/phones/Apple_iPhone_14_Pro_Max_Space_Black.jpg"", ""Silver"": ""images/phones/Apple_iPhone_14_Pro_Max_Silver.jpg"", ""Gold"": ""images/phones/Apple_iPhone_14_Pro_Max_Gold.jpg"", ""Deep Purple"": ""images/phones/Apple_iPhone_14_Pro_Max_Deep_Purple.jpg""}",,,
Google,Pixel 6,128GB/256GB,8GB,"6.4""",Dual,4614mAh,207.00,158.6 x 74.8 x 8.9 mm,Google Tensor,Android,2021,Technology,"23W wired, PD3.0, 50% in 30 min23W wirelessReverse wireless",Corning Gorilla Glass Victus,"Glass front (Gorilla Glass Victus), glass back (Gorilla Glass Victus), aluminum frame","Cloudy White, Sorta Sunny, Stormy Black","{""Cloudy White"": ""images/phones/Google_Pixel_6_Cloudy_White.jpg"", ""Sorta Sunny"": ""images/phones/Google_Pixel_6_Sorta_Sunny.jpg"", ""Stormy Black"": ""images/phones/Google_Pixel_6_Stormy_Black.jpg""}",,,
Google,Pixel 7,128GB/256GB,8GB,"6.3""",Dual,4355mAh,197.00,155.6 x 73.2 x 8.7 mm,Google Tensor G2,Android,2022,Technology,"23W wired, PD3.0, 50% in 30 min23W wirelessReverse wireless",Corning Gorilla Glass Victus,"Glass front (Gorilla Glass Victus), glass back (Gorilla Glass Victus), aluminum frame","Obsidian, Snow, Mint","{""Obsidian"": ""images/phones/Google_Pixel_7_Obsidian.jpg"", ""Snow"": ""images/phones/Google_Pixel_7_Snow.png"", ""Mint"": ""images/phones/Google_Pixel_7_Mint.png""}",,,
Samsung,Galaxy Z Flip 7,"256GB 12GB RAM, 512GB 12GB RAM",12GB RAM,"6.9""",Dual,4300mAh,187.00,165.1 x 71.9 x 6.9 mm,Qualcomm Snapdragon 8 Gen 3,Android,2024,"1, 2, 3, 5, 7, 8, 12, 20, 25, 28, 38, 40, 41, 66, 77, 78 SA/NSA/Sub6 - International","25W wired, 50% in 30 min15W wireless4.5W reverse wireless",,"Plastic front (unfolded), glass back (Gorilla Glass Victus 2), aluminum frame","Coral Red, Jet Black, Blue Shadow, Mint","{""Coral Red"": ""images/phones/Samsung_Galaxy_Z_Flip7_Coralred.jpg"", ""Jet Black"": ""images/phones/Samsung_Galaxy_Z_Flip7_Jetblack.jpg"", ""Blue Shadow"": ""images/phones/Samsung_Galaxy_Z_Flip7_BlueShadow.jpg"", ""Mint"": ""images/phones/Samsung_Galaxy_Z_Flip7_Mint.jpg""}",,,
Apple,iPhone 15,"128GB, 256GB, 512GB",6GB,"6.1""",Dual,3349mAh,171.00,147.6 x 71.6 x 7.80 mm,Apple A16 Bionic,iOS,2023,Technology,"Wired, PD2.0, 50% in 30 min15W wireless (MagSafe)15W wireless (Qi2) - requires iOS 17.2 update4.5W reverse wired",Ceramic Shield glass,"Glass front, glass back, aluminum frame","Black, Blue, Green, Yellow, Pink","{""Black"": ""images/phones/Apple_iPhone_15_Black.jpg"", ""Blue"": ""images/phones/Apple_iPhone_15_Blue.jpg"", ""Green"": ""images/phones/Apple_iPhone_15_Green.jpg"", ""Yellow"": ""images/phones/Apple_iPhone_15_Yellow.jpg"", ""Pink"": ""images/phones/Apple_iPhone_15_Pink.jpg""}",,,
Apple,iPhone 12 mini,"64GB, 128GB, 256GB",4GB,"5.4""",Dual,2227mAh,135.00,131.5 x 64.2 x 7.4 mm,Apple A14 Bionic,iOS,2020,Technology,"Wired, PD2.0, 50% in 30 min15W wireless (MagSafe)15W wireless (Qi2) - requires iOS 17.4 update",Ceramic Shield glass,"Glass front, glass back, aluminum frame","Black, White, Red, Green, Blue, Purple","{""Black"": ""images/phones/Apple_iPhone_12_mini_Black.jpg"", ""White"": ""images/phones/Apple_iPhone_12_mini_White.jpg"", ""Red"": ""images/phones/Apple_iPhone_12_mini_Red.jpg"", ""Green"": ""images/phones/Apple_iPhone_12_mini_Green.jpg"", ""Blue"": ""images/phones/Apple_iPhone_12_mini_Blue.jpg"", ""Purple"": ""images/phones/Apple_iPhone_12_mini_Purple.jpg""}",,,
ASUS,ROG Phone 7,256GB/512GB,12GB/16GB,"6.78""",Triple,6000mAh,239.00,173.0 x 77.0 x 10.3 mm,Qualcomm SM8550-AB Snapdragon 8 Gen 2 (4 nm),Android,2023,Technology,"65W wired, PD3.0, QC5, 100% in 42 min10W reverse wired",Corning Gorilla Glass Victus,"Glass front (Gorilla Glass Victus), glass back (Gorilla Glass 3), aluminum frame",Storm White,"{""Storm White"": ""images/phones/ASUS_ROG_Phone_7_Storm_White.jpg""}",,,
Apple,iPhone 16 Plus,"128GB, 256GB, 512GB",8GB,"6.7""",Dual,4674mAh,199.00,160.9 x 77.8 x 7.80 mm,Apple A18,iOS,2024,Technology,"Wired, PD2.0, 50% in 30 min25W wireless (MagSafe), 15W wireless (China only)15W wireless (Qi2)4.5W reverse wired","Ceramic Shield glass (2024 gen), Mohs level 4","Glass front, glass back, aluminum frame","Black, White, Pink, Teal, Ultramarine","{""Black"": ""images/phones/Apple_iPhone_16_Plus_Black.jpg"", ""White"": ""images/phones/Apple_iPhone_16_Plus_White.jpg"", ""Pink"": ""images/phones/Apple_iPhone_16_Plus_Pink.jpg"", ""Teal"": ""images/phones/Apple_iPhone_16_Plus_Teal.jpg"", ""Ultramarine"": ""images/phones/Apple_iPhone_16_Plus_Ultramarine.jpg""}",,,
Google,Pixel 8,128GB/256GB,8GB,"6.2""",Dual,4575mAh,187.00,150.5 x 70.8 x 8.9 mm,Google Tensor G3,Android,2023,Technology,"30W wired, PD3.0, PPS, 50% in 30 min23W wirelessReverse wirelessBypass charging",Corning Gorilla Glass Victus 2,"Glass front (Gorilla Glass Victus 2), glass back (Gorilla Glass Victus 2), aluminum frame","Obsidian, Hazel, Rose","{""Obsidian"": ""images/phones/Google_Pixel_8_Obsidian.jpg"", ""Hazel"": ""images/phones/Google_Pixel_8_Hazel.jpg"", ""Rose"": ""images/phones/Google_Pixel_8_Rose.jpg""}",,,
Samsung,Galaxy S23+,"256GB 8GB RAM, 256GB 12GB RAM, 512GB 12GB RAM, 1TB 12GB RAM",8/12GB RAM,"6.8""",TBD,5000mAh,234.00,157.8 x 76.2 x 7.6 mm,Octa-core (1x3.36 GHz Cortex-X3 & 2x2.8 GHz Cortex-A715 & 2x2.8 GHz Cortex-A710 & 3x2.0 GHz Cortex-A510),Android,2023,"1, 2, 3, 5, 7, 8, 12, 20, 25, 28, 38, 40, 41, 66, 75, 77, 78 SA/NSA/Sub6 - International","45W wired, PD3.0, 65% in 30 min15W wireless (Qi)4.5W reverse wireless",Corning Gorilla Glass Victus 2,"Glass front (Gorilla Glass Victus 2), glass back (Gorilla Glass Victus 2), aluminum frame","Phantom Black, Cream, Green, Lavender","{""Phantom Black"": ""images/phones/Samsung_Galaxy_S23_Plus_Phantom_Black.jpg"", ""Cream"": ""images/phones/Samsung_Galaxy_S23_Plus_Cream.jpg"", ""Green"": ""images/phones/Samsung_Galaxy_S23_Plus_Green.jpg"", ""Lavender"": ""images/phones/Samsung_Galaxy_S23_Plus_Lavender.jpg""}",,,
Samsung,Galaxy Z Flip,"256GB 12GB RAM, 512GB 12GB RAM",12GB RAM,"6.9""",TBD,4300mAh,188.00,167.3 x 73.6 x 7.2 mm,10-core (1x3.3GHz Cortex-X5 & 2x2.74GHz Cortex-A725 & 5x2.36GHz Cortex-A725 & 2x1.8GHz Cortex-A520),Android,2020,"1, 2, 3, 5, 7, 8, 12, 20, 25, 26, 28, 38, 39, 40, 41, 66, 71, 77, 78 SA/NSA/Sub6 - International","25W wired, QC2.0, 50% in 30 min15W wireless4.5W reverse wireless",Mohs level 1,"Plastic front (unfolded), glass back (Gorilla Glass Victus 2), aluminum frame","Jet Black, Golden, Purple","{""Jet Black"": ""images/phones/Samsung_Galaxy_Z_Flip_Jet_Black.jpg"", ""Golden"": ""images/phones/Samsung_Galaxy_Z_Flip_Golden.jpg"", ""Purple"": ""images/phones/Samsung_Galaxy_Z_Flip_Purple.jpg""}",,,
Samsung,Galaxy S24+,"256GB 12GB RAM, 512GB 12GB RAM, 1TB 12GB RAM",12GB RAM,"6.8""",TBD,5000mAh,232.00,158.5 x 75.9 x 7.7 mm,8-core (1x3.39GHz Cortex-X4 & 3x3.1GHz Cortex-A720 & 2x2.9GHz Cortex-A720 & 2x2.2GHz Cortex-A520)10-core (1x3.2GHz Cortex-X4 & 2x2.9GHz Cortex-A720 & 3x2.6GHz Cortex-A720 & 4x1.95GHz Cortex-A520),Android,2024,"1, 2, 3, 5, 7, 8, 12, 20, 25, 26, 28, 38, 40, 41, 66, 75, 77, 78 SA/NSA/Sub6 - International","45W wired, PD3.0, 65% in 30 min15W wireless (Qi)4.5W reverse wireless",Corning Gorilla Glass Victus 2,"Glass front (Gorilla Glass Victus 2), glass back (Gorilla Glass Victus 2), aluminum frame","Black, Yellow, Blue, Mint, Orange","{""Black"": ""images/phones/Samsung_Galaxy_S24_Black.jpg"", ""Yellow"": ""images/phones/Samsung_Galaxy_S24_Yellow.jpg"", ""Blue"": ""images/phones/Samsung_Galaxy_S24_Blue.jpg"", ""Mint"": ""images/phones/Samsung_Galaxy_S24_Mint.jpg"", ""Orange"": ""images/phones/Samsung_Galaxy_S24_Orange.jpg""}",,,
ASUS,ROG Phone 7 Pro,512GB,16GB,"6.78""",Triple,6000mAh,239.00,173.0 x 77.0 x 10.3 mm,Qualcomm SM8550-AB Snapdragon 8 Gen 2 (4 nm),Android,2023,Technology,"65W wired, PD3.0, QC5, 100% in 42 min10W reverse wired",Corning Gorilla Glass Victus,"Glass front (Gorilla Glass Victus), glass back (Gorilla Glass 3), aluminum frame",Storm White,"{""Storm White"": ""images/phones/ASUS_ROG_Phone_7_Pro_Storm_White.jpg""}",,,
Google,Pixel 5a,128GB,6GB,"6.34""",Dual,4680mAh,183.00,156.2 x 73.2 x 8.8 mm,Qualcomm Snapdragon 765G,Android,2021,Technology,"18W wired, PD2.0",Corning Gorilla Glass 3,"Glass front (Gorilla Glass 3), aluminum frame, aluminum back",Mostly Black,"{""Mostly Black"": ""images/phones/Google_Pixel_5a_Mostly_Black.jpg""}",,,
Samsung,Galaxy Z Fold 7,"256GB 12GB RAM, 512GB 12GB RAM, 1TB 12GB RAM",12GB RAM,"7.6""",Triple,4400mAh,239.00,155.1 x 67.1 x 6.1 mm,Qualcomm Snapdragon 8 Gen 3,Android,2024,"1, 2, 3, 5, 7, 8, 12, 20, 25, 28, 38, 40, 41, 66, 77, 78 SA/NSA/Sub6 - International","25W wired, 50% in 30 min15W wireless4.5W reverse wireless",,"Plastic front (unfolded), glass back (Gorilla Glass Victus 2), aluminum frame","Silver Shadow, Jet Black, Mint, Blue Shadow","{""Silver Shadow"": ""images/phones/Samsung_Galaxy_Z_Fold7_SilverShadow.jpg"", ""Jet Black"": ""images/phones/Samsung_Galaxy_Z_Fold7_JetBlack.jpg"", ""Mint"": ""images/phones/Samsung_Galaxy_Z_Fold7_Mint.jpg"", ""Blue Shadow"": ""images/phones/Samsung_Galaxy_Z_Fold7_BlueShadow.jpg""}",,,
Samsung,Galaxy Z Flip3,"256GB 12GB RAM, 512GB 12GB RAM",12GB RAM,"6.9""",Dual,4300mAh,183.00,166.0 x 72.2 x 6.9 mm,Qualcomm Snapdragon 888 5G,Android,2021,"1, 3, 5, 7, 8, 20, 28, 38, 40, 41, 77, 78, 66 SA/NSA/Sub6 - International",15W wired10W wireless4.5W reverse wireless,,"Plastic front, glass back (Gorilla Glass Victus), aluminum frame","Black, Green, Purple, Yellow","{""Black"": ""images/phones/Samsung_Galaxy_Z_Flip3_Black.jpg"", ""Green"": ""images/phones/Samsung_Galaxy_Z_Flip3_Green.jpg"", ""Purple"": ""images/phones/Samsung_Galaxy_Z_Flip3_Purple.jpg"", ""Yellow"": ""images/phones/Samsung_Galaxy_Z_Flip3_Yellow.jpg""}",,,
Samsung,Galaxy Z Flip4,"256GB 12GB RAM, 512GB 12GB RAM",12GB RAM,"6.9""",Dual,4300mAh,187.00,165.2 x 71.9 x 6.9 mm,Qualcomm Snapdragon 8+ Gen 1,Android,2022,"1, 2, 3, 5, 7, 8, 12, 20, 25, 28, 38, 40, 41, 66, 75, 77, 78 SA/NSA/Sub6 - International","25W wired, 50% in 30 min15W wireless4.5W reverse wireless",,"Plastic front (unfolded), glass back (Gorilla Glass Victus+), aluminum frame","Black, Blue, Golden, Purple","{""Black"": ""images/phones/Samsung_Galaxy_Z_Flip4_Black.jpg"", ""Blue"": ""images/phones/Samsung_Galaxy_Z_Flip4_Blue.jpg"", ""Golden"": ""images/phones/Samsung_Galaxy_Z_Flip4_Golden.jpg"", ""Purple"": ""images/phones/Samsung_Galaxy_Z_Flip4_Purple.jpg""}",,,
Samsung,Galaxy Z Fold5,"256GB 12GB RAM, 512GB 12GB RAM, 1TB 12GB RAM, 1TB 16GB RAM",12/16GB RAM,"8.0""",Triple,4400mAh,253.00,154.9 x 129.9 x 6.1 mm,Qualcomm Snapdragon 8 Gen 2,Android,2023,"1, 2, 3, 5, 7, 8, 12, 20, 25, 28, 38, 40, 41, 66, 77, 78 SA/NSA/Sub6 - International","25W wired, 50% in 30 min15W wireless4.5W reverse wireless",,"Glass front (Gorilla Glass Victus 2) (folded), plastic front (unfolded), glass back (Gorilla Glass Victus 2), aluminum frame","Phantom Black, Cream, Golden, Blue, Icy Blue","{""Phantom Black"": ""images/phones/Samsung_Galaxy_Z_Fold5_Phantom_Black.jpg"", ""Cream"": ""images/phones/Samsung_Galaxy_Z_Fold5_Cream.jpg"", ""Golden"": ""images/phones/Samsung_Galaxy_Z_Fold5_Golden.jpg"", ""Blue"": ""images/phones/Samsung_Galaxy_Z_Fold5_Blue.jpg"", ""Icy Blue"": ""images/phones/Samsung_Galaxy_Z_Fold5_Icy_Blue.jpg""}",,,
Apple,iPhone 14 Plus,"128GB, 256GB, 512GB",6GB,"6.7""",Dual,4325mAh,203.00,160.8 x 78.1 x 7.80 mm,Apple A15 Bionic,iOS,2022,Technology,"Wired, PD2.0, 50% in 30 min15W wireless (MagSafe)15W wireless (Qi2) - requires iOS 17.2 update",Ceramic Shield glass,"Glass front, glass back, aluminum frame","Midnight, Purple, Starlight, Blue, Red, Yellow","{""Midnight"": ""images/phones/Apple_iPhone_14_Plus_Midnight.jpg"", ""Purple"": ""images/phones/Apple_iPhone_14_Plus_Purple.jpg"", ""Starlight"": ""images/phones/Apple_iPhone_14_Plus_Starlight.jpg"", ""Blue"": ""images/phones/Apple_iPhone_14_Plus_Blue.jpg"", ""Red"": ""images/phones/Apple_iPhone_14_Plus_Red.jpg"", ""Yellow"": ""images/phones/Apple_iPhone_14_Plus_Yellow.jpg""}",,,
Google,Pixel 9,128GB/256GB,12GB,"6.3""",Dual,4700mAh,198.00,152.8 x 72.0 x 8.5 mm,Google Tensor G4,Android,2024,Technology,"27W wired, PD3.0, PPS, 55% in 30 min21W wireless (w/ Pixel Stand)12W wireless (w/ Qi compatible charger)Reverse wirelessBypass charging","Corning Gorilla Glass Victus 2, Mohs level 4","Glass front (Gorilla Glass Victus 2), glass back (Gorilla Glass Victus 2), aluminum frame","Obsidian, Hazel, Pink, Whitegreen","{""Obsidian"": ""images/phones/Google_Pixel_9_Obsidian.jpg"", ""Hazel"": ""images/phones/Google_Pixel_9_Hazel.jpg"", ""Pink"": ""images/phones/Google_Pixel_9_Pink.jpg"", ""Whitegreen"": ""images/phones/Google_Pixel_9_Whitegreen.jpg""}",,,
Samsung,Galaxy Z Flip6,"256GB 12GB RAM, 512GB 12GB RAM",12GB RAM,"6.9""",Dual,4300mAh,187.00,165.1 x 71.9 x 6.9 mm,Qualcomm Snapdragon 8 Gen 3,Android,2024,"1, 2, 3, 5, 7, 8, 12, 20, 25, 26, 28, 38, 40, 41, 66, 75, 77, 78 SA/NSA/Sub6 - International","25W wired, QC2.0, 50% in 30 min15W wireless4.5W reverse wireless",,"Plastic front (unfolded), glass back (Gorilla Glass Victus 2), aluminum frame","Grey, Sky Blue, White, Orange, Mint, Yellow","{""Grey"": ""images/phones/Samsung_Galaxy_Z_Flip6_Grey.jpg"", ""Sky Blue"": ""images/phones/Samsung_Galaxy_Z_Flip6_SkyBlue.jpg"", ""White"": ""images/phones/Samsung_Galaxy_Z_Flip6_White.jpg"", ""Orange"": ""images/phones/Samsung_Galaxy_Z_Flip6_Orange.jpg"", ""Mint"": ""images/phones/Samsung_Galaxy_Z_Flip6_Mint.jpg"", ""Yellow"": ""images/phones/Samsung_Galaxy_Z_Flip6_Yellow.jpg""}",,,
Apple,iPhone 12 Pro Max,"128GB, 256GB, 512GB",6GB,"6.7""",Triple,3687mAh,228.00,160.8 x 78.1 x 7.4 mm,Apple A14 Bionic,iOS,2020,Technology,"Wired, PD2.0, 50% in 30 min15W wireless (MagSafe)15W wireless (Qi2) - requires iOS 17.4 update",Ceramic Shield glass,"Glass front, glass back, stainless steel frame","Silver, Graphite, Gold, Pacific Blue","{""Silver"": ""images/phones/Apple_iPhone_12_Pro_Max_Silver.jpg"", ""Graphite"": ""images/phones/Apple_iPhone_12_Pro_Max_Graphite.jpg"", ""Gold"": ""images/phones/Apple_iPhone_12_Pro_Max_Gold.jpg"", ""Pacific Blue"": ""images/phones/Apple_iPhone_12_Pro_Max_Pacific_Blue.jpg""}",,,
Google,Pixel 4a,128GB,6GB,"5.81""",Single,3140mAh,143.00,144.0 x 69.4 x 8.2 mm,Qualcomm Snapdragon 730G,Android,2020,Technology,"18W wired, PD2.0",Corning Gorilla Glass 3,"Glass front (Gorilla Glass 3), plastic back, plastic frame","Just Black, Barely Blue","{""Just Black"": ""images/phones/Google_Pixel_4a_Just_Black.jpg"", ""Barely Blue"": ""images/phones/Google_Pixel_4a_Barely_Blue.jpg""}",,,
ASUS,ROG Phone 6 Pro,512GB,18GB,"6.78""",Triple,6000mAh,239.00,173.0 x 77.0 x 10.4 mm,Qualcomm SM8475 Snapdragon 8+ Gen 1 (4 nm),Android,2022,Technology,"65W wired, PD3.0, QC5, 100% in 42 min10W reverse wired",Corning Gorilla Glass Victus,"Glass front (Gorilla Glass Victus), glass back (Gorilla Glass 3), aluminum frame",Storm White,"{""Storm White"": ""images/phones/ASUS_ROG_Phone_6_Pro_Storm_White.jpg""}",,,
Samsung,Galaxy S21,"128GB 8GB RAM, 128GB 12GB RAM, 256GB 12GB RAM, 256GB 16GB RAM, 512GB 12GB RAM, 512GB 16GB RAM",8-16GB RAM,"6.8""",TBD,5000mAh,227.00,151.7 x 71.2 x 7.9 mm,Octa-core (1x2.9 GHz Cortex-X1 & 3x2.80 GHz Cortex-A78 & 4x2.2 GHz Cortex-A55) - InternationalOcta-core (1x2.84 GHz Cortex-X1 & 3x2.42 GHz Cortex-A78 & 4x1.80 GHz Cortex-A55) - USA/China,Android,2021,"2, 5, 25, 41, 66, 71, 260, 261 SA/NSA/Sub6/mmWave - SM-G998U1","25W wired, PD3.015W wireless (Qi)4.5W reverse wireless",Corning Gorilla Glass Victus,"Glass front (Gorilla Glass Victus), glass back (Gorilla Glass Victus), aluminum frame","Phantom Black, Phantom Silver, PhantomViolet","{""Phantom Black"": ""images/phones/Samsung_Galaxy_S21_Phantom_Black.jpg"", ""Phantom Silver"": ""images/phones/Samsung_Galaxy_S21_Phantom_Silver.jpg"", ""Phantom Violet"": ""images/phones/Samsung_Galaxy_S21_PhantomViolet.jpg""}",,,
Google,Pixel 6 Pro,128GB/256GB/512GB,12GB,"6.7""",Triple,5003mAh,210.00,163.9 x 75.9 x 8.9 mm,Google Tensor,Android,2021,Technology,"23W wired, PD3.0, 50% in 30 min23W wirelessReverse wireless",Corning Gorilla Glass Victus,"Glass front (Gorilla Glass Victus), glass back (Gorilla Glass Victus), aluminum frame","Cloudy White, Sorta Sunny, Stormy Black","{""Cloudy White"": ""images/phones/Google_Pixel_6_Pro_CloudyWhite.png"", ""Sorta Sunny"": ""images/phones/Google_Pixel_6_Pro_SortaSunny.png"", ""Stormy Black"": ""images/phones/Google_Pixel_6_Pro_StormyBlack.png""}",,,
Google,Pixel 8 Pro,128GB/256GB/512GB/1TB,12GB,"6.7""",Triple,5050mAh,213.00,162.6 x 76.5 x 8.8 mm,Google Tensor G3,Android,2023,Technology,"30W wired, PD3.0, PPS, 50% in 30 min23W wirelessReverse wirelessBypass charging",Corning Gorilla Glass Victus 2,"Glass front (Gorilla Glass Victus 2), glass back (Gorilla Glass Victus 2), aluminum frame","Obsidian, Porcelain, Bay, Mint","{""Obsidian"": ""images/phones/Google_Pixel_8_Pro_Obsidian.jpg"", ""Porcelain"": ""images/phones/Google_Pixel_8_Pro_Porcelain.jpg"", ""Bay"": ""images/phones/Google_Pixel_8_Pro_Bay.jpg"", ""Mint"": ""images/phones/Google_Pixel_8_Pro_Mint.jpg""}",,,
Apple,iPhone 14,"128GB, 256GB, 512GB",6GB,"6.1""",Dual,3279mAh,172.00,146.7 x 71.5 x 7.80 mm,Apple A15 Bionic,iOS,2022,Technology,"Wired, PD2.0, 50% in 30 min15W wireless (MagSafe)15W wireless (Qi2) - requires iOS 17.2 update",Ceramic Shield glass,"Glass front, glass back, stainless steel frame","Blue, Midnight, Red, Starlight, Purple, Yellow","{""Blue"": ""images/phones/Apple_iPhone_14_Blue.jpg"", ""Midnight"": ""images/phones/Apple_iPhone_14_Midnight.jpg"", ""Red"": ""images/phones/Apple_iPhone_14_Red.jpg"", ""Starlight"": ""images/phones/Apple_iPhone_14_Starlight.jpg"", ""Purple"": ""images/phones/Apple_iPhone_14_Purple.jpg"", ""Yellow"": ""images/phones/Apple_iPhone_14_Yellow.jpg""}",,,
Apple,iPhone SE,64GB/128GB/256GB,4GB,"4.7""",Single,2018mAh,148.00,138.4 x 67.3 x 7.3 mm,Apple A15 Bionic,iOS,2025,Technology,"Wired, 50% in 30 min7.5W wireless (Qi)","Ceramic Shield glass, Mohs level 4","Glass front, glass back, aluminum frame","Black, White","{""Black"": ""images/phones/Apple_iPhone_SE_Black.jpg"", ""White"": ""images/phones/Apple_iPhone_SE_White.jpg""}",,,
Apple,iPhone 13,"128GB, 256GB, 512GB",4GB,"6.1""",Dual,3240mAh,174.00,146.7 x 71.5 x 7.65 mm,Apple A15 Bionic,iOS,2021,Technology,"Wired, PD2.0, 50% in 30 min15W wireless (MagSafe)15W wireless (Qi2) - requires iOS 17.2 update",Ceramic Shield glass,"Glass front, glass back, aluminum frame","Starlight, Midnight, Blue, Pink, Red, Green","{""Starlight"": ""images/phones/Apple_iPhone_13_Starlight.jpg"", ""Midnight"": ""images/phones/Apple_iPhone_13_Midnight.jpg"", ""Blue"": ""images/phones/Apple_iPhone_13_Blue.jpg"", ""Pink"": ""images/phones/Apple_iPhone_13_Pink.jpg"", ""Red"": ""images/phones/Apple_iPhone_13_Red.jpg"", ""Green"": ""images/phones/Apple_iPhone_13_Green.jpg""}",,,
Samsung,Galaxy S21 Ultra,"128GB 8GB RAM, 128GB 12GB RAM, 256GB 12GB RAM, 256GB 16GB RAM, 512GB 12GB RAM, 512GB 16GB RAM",8-16GB RAM,"6.8""",TBD,5000mAh,227.00,165.1 x 75.6 x 8.9 mm,Octa-core (1x2.9 GHz Cortex-X1 & 3x2.80 GHz Cortex-A78 & 4x2.2 GHz Cortex-A55) - InternationalOcta-core (1x2.84 GHz Cortex-X1 & 3x2.42 GHz Cortex-A78 & 4x1.80 GHz Cortex-A55) - USA/China,Android,2021,"2, 5, 25, 41, 66, 71, 260, 261 SA/NSA/Sub6/mmWave - SM-G998U1","25W wired, PD3.015W wireless (Qi)4.5W reverse wireless",Corning Gorilla Glass Victus,"Glass front (Gorilla Glass Victus), glass back (Gorilla Glass Victus), aluminum frame","Phantom Black, Phantom Blue","{""Phantom Black"": ""images/phones/Samsung_Galaxy_S21_Ultra_Phantom_Black.jpg"", ""Phantom Blue"": ""images/phones/Samsung_Galaxy_S21_Ultra_Phantom_Blue.jpg""}",,,
Samsung,Galaxy S20+,"128GB 6GB RAM, 128GB 8GB RAM, 256GB 6GB RAM, 256GB 8GB RAM",6/8GB RAM,"6.5""",TBD,4500mAh,190.00,161.9 x 73.7 x 7.8 mm,Octa-core (2x2.73 GHz Mongoose M5 & 2x2.50 GHz Cortex-A76 & 4x2.0 GHz Cortex-A55) - GlobalOcta-core (1x2.84 GHz Cortex-A77 & 3x2.42 GHz Cortex-A77 & 4x1.80 GHz Cortex-A55) - USA,Android,2020,"1, 2, 3, 4, 5, 7, 8, 12, 13, 17, 18, 19, 20, 25, 26, 28, 32, 38, 39, 40, 41, 66","25W wired, PD3.015W wireless (Qi)4.5W reverse wireless",Corning Gorilla Glass 6,"Glass front (Gorilla Glass 6), glass back (Gorilla Glass 6), aluminum frame","Cosmic Black, Cloud White, Aura Red, Cloud Blue","{""Cosmic Black"": ""images/phones/Samsung_Galaxy_S20_Plus_Cosmic_Black.jpg"", ""Cloud Blue"": ""images/phones/Samsung_Galaxy_S20_Plus_Cloud_Blue.jpg"", ""Cloud White"": ""images/phones/Samsung_Galaxy_S20_Plus_Cloud_White.jpg"", ""Aura Red"": ""images/phones/Samsung_Galaxy_S20_Plus_Aura_Red.jpg""}",,,
Samsung,Galaxy Z Flip5,"256GB 12GB RAM, 512GB 12GB RAM",12GB RAM,"6.9""",Dual,4300mAh,187.00,165.1 x 71.9 x 6.9 mm,Qualcomm Snapdragon 8 Gen 2,Android,2023,"1, 2, 3, 5, 7, 8, 12, 20, 25, 28, 38, 40, 41, 66, 77, 78 SA/NSA/Sub6 - International","25W wired, 50% in 30 min15W wireless4.5W reverse wireless",,"Plastic front (unfolded), glass back (Gorilla Glass Victus 2), aluminum frame","Blue, Mint, Silver, Cream, Lavender, Graphite","{""Blue"": ""images/phones/Samsung_Galaxy_Z_Flip5_Blue.jpg"", ""Mint"": ""images/phones/Samsung_Galaxy_Z_Flip5_Mint.jpg"", ""Silver"": ""images/phones/Samsung_Galaxy_Z_Flip5_Silver.jpg"", ""Cream"": ""images/phones/Samsung_Galaxy_Z_Flip5_Cream.jpg"", ""Lavender"": ""images/phones/Samsung_Galaxy_Z_Flip5_Lavender.jpg"", ""Graphite"": ""images/phones/Samsung_Galaxy_Z_Flip5_Graphite.jpg""}",,,
Apple,iPhone 12,"64GB, 128GB, 256GB",4GB,"6.1""",Dual,2815mAh,164.00,146.7 x 71.5 x 7.4 mm,Apple A14 Bionic,iOS,2020,Technology,"Wired, PD2.0, 50% in 30 min15W wireless (MagSafe)15W wireless (Qi2) - requires iOS 17.4 update",Ceramic Shield glass,"Glass front, glass back, aluminum frame","Black, White, Red, Green, Blue, Purple","{""Black"": ""images/phones/Apple_iPhone_12_Black.jpg"", ""White"": ""images/phones/Apple_iPhone_12_White.jpg"", ""Red"": ""images/phones/Apple_iPhone_12_Red.jpg"", ""Green"": ""images/phones/Apple_iPhone_12_Green.jpg"", ""Blue"": ""images/phones/Apple_iPhone_12_Blue.jpg"", ""Purple"": ""images/phones/Apple_iPhone_12_Purple.jpg""}",,,
Apple,iPhone 13 Pro Max,"128GB, 256GB, 512GB, 1TB",6GB,"6.7""",Triple,4352mAh,240.00,160.8 x 78.1 x 7.65 mm,Apple A15 Bionic,iOS,2021,Technology,"Wired, PD2.0, 50% in 30 min15W wireless (MagSafe)15W wireless (Qi2) - requires iOS 17.2 update",Ceramic Shield glass,"Glass front, glass back, stainless steel frame","Graphite, Gold, Silver, Sierra Blue, Alpine Green","{""Graphite"": ""images/phones/Apple_iPhone_13_Pro_Max_Graphite.jpg"", ""Gold"": ""images/phones/Apple_iPhone_13_Pro_Max_Gold.jpg"", ""Silver"": ""images/phones/Apple_iPhone_13_Pro_Max_Silver.jpg"", ""Sierra Blue"": ""images/phones/Apple_iPhone_13_Pro_Max_Sierra_Blue.jpg"", ""Alpine Green"": ""images/phones/Apple_iPhone_13_Pro_Max_Alpine_Green.jpg""}",,,
Samsung,Galaxy Note20 Ultra,"128GB 6GB RAM, 128GB 8GB RAM, 128GB 12GB RAM, 256GB 8GB RAM, 256GB 12GB RAM, 512GB 12GB RAM",6-12GB RAM,"6.9""",Triple,4500mAh,208.00,164.8 x 77.2 x 8.1 mm,Octa-core (2x2.73 GHz Mongoose M5 & 2x2.50 GHz Cortex-A76 & 4x2.0 GHz Cortex-A55) - GlobalOcta-core (1x3.0 GHz Kryo 585 & 3x2.42 GHz Cortex-A77 & 4x1.80 GHz Cortex-A55) - USA,"Android 10, up to Android 13, One UI 5",2021,"2, 5, 41, 66, 71, 260, 261 SA/NSA/Sub6/mmWave - SM-N986U","25W wired, PD3.015W wireless (Qi)4.5W reverse wireless",Corning Gorilla Glass Victus,"Glass front (Gorilla Glass Victus), glass back (Gorilla Glass Victus), stainless steel frame","Mystic Black, Mystic Bronze, Mystic White","{""Mystic Black"": ""images/phones/Samsung_Galaxy_Note20_Ultra_Mystic_Black.jpg"", ""Mystic Bronze"": ""images/phones/Samsung_Galaxy_Note20_Ultra_Mystic_Bronze.jpg"", ""Mystic White"": ""images/phones/Samsung_Galaxy_Note20_Ultra_Mystic_White.jpg""}",,,
Apple,iPhone 12 Pro,"128GB, 256GB, 512GB",6GB,"6.1""",Triple,2815mAh,189.00,146.7 x 71.5 x 7.4 mm,Apple A14 Bionic,iOS,2020,Technology,"Wired, PD2.0, 50% in 30 min15W wireless (MagSafe)15W wireless (Qi2) - requires iOS 17.4 update",Ceramic Shield glass,"Glass front, glass back, stainless steel frame","Silver, Graphite, Gold, Pacific Blue","{""Silver"": ""images/phones/Apple_iPhone_12_Pro_Silver.jpg"", ""Graphite"": ""images/phones/Apple_iPhone_12_Pro_Graphite.jpg"", ""Gold"": ""images/phones/Apple_iPhone_12_Pro_Gold.jpg"", ""Pacific Blue"": ""images/phones/Apple_iPhone_12_Pro_Pacific_Blue.jpg""}",,,
Apple,iPhone 13 mini,"128GB, 256GB, 512GB",4GB,"5.4""",Dual,2406mAh,141.00,131.5 x 64.2 x 7.65 mm,Apple A15 Bionic,iOS,2021,Technology,"Wired, PD2.0, 50% in 30 min15W wireless (MagSafe)15W wireless (Qi2) - requires iOS 17.2 update",Ceramic Shield glass,"Glass front, glass back, aluminum frame","Starlight, Midnight, Blue, Pink, Red, Green","{""Starlight"": ""images/phones/Apple_iPhone_13_mini_Starlight.jpg"", ""Midnight"": ""images/phones/Apple_iPhone_13_mini_Midnight.jpg"", ""Blue"": ""images/phones/Apple_iPhone_13_mini_Blue.jpg"", ""Pink"": ""images/phones/Apple_iPhone_13_mini_Pink.jpg"", ""Red"": ""images/phones/Apple_iPhone_13_mini_Red.jpg"", ""Green"": ""images/phones/Apple_iPhone_13_mini_Green.jpg""}",,,
ASUS,ROG Phone 5 Ultimate,512GB 18GB RAM,18GB RAM,"6.78""",Triple,6000mAh,238.00,172.8 x 77.3 x 9.9 mm,Qualcomm SM8350 Snapdragon 888 5G (5 nm),Android,2021,Technology,"65W wired, PD3.0, QC5, 70% in 30 min, 100% in 52 min10W reverse wired",Corning Gorilla Glass Victus,"Glass front (Gorilla Glass Victus), glass back (Gorilla Glass 3), aluminum frame",Matte White,"{""Matte White"": ""images/phones/ASUS_ROG_Phone_5_Ultimate_Matte_White.jpg""}",,,
ASUS,ROG Phone 6,"128GB 8GB RAM, 128GB 12GB RAM, 256GB 12GB RAM, 512GB 16GB RAM",8-16GB RAM,"6.78""",Triple,6000mAh,239.00,173.0 x 77.0 x 10.4 mm,Qualcomm SM8475 Snapdragon 8+ Gen 1 (4 nm),Android,2022,Technology,"65W wired, PD3.0, QC5, 100% in 42 min10W reverse wired",Corning Gorilla Glass Victus,"Glass front (Gorilla Glass Victus), glass back (Gorilla Glass 3), aluminum frame",Storm White,"{""Storm White"": ""images/phones/ASUS_ROG_Phone_6_Storm_White.jpg""}",,,
ASUS,ROG Phone 8 Pro,512GB/1TB,16GB/24GB,"6.78""",Triple,6000mAh,225.00,173.0 x 77.0 x 10.3 mm,Qualcomm SM8650-AB Snapdragon 8 Gen 3 (4 nm),Android,2024,Technology,"65W wired, PD3.0, PPS, QC5, 100% in 39 min - International30W wired, PD3.0, PPS - India15W wireless (Qi)10W reverse wired",Corning Gorilla Glass Victus 2,"Glass front (Gorilla Glass Victus 2), glass back (Gorilla Glass), aluminum frame",Phantom Black,"{""Phantom Black"": ""images/phones/ASUS_ROG_Phone_8_Pro_Phantom_Black.jpg""}",,,
Google,Pixel 5,128GB,8GB,"6.0""",Dual,4080mAh,151.00,144.7 x 70.4 x 8.0 mm,Qualcomm Snapdragon 765G,Android,2020,Technology,"18W wired, PD2.012W wireless5W reverse wired",Corning Gorilla Glass 6,"Glass front (Gorilla Glass 6), aluminum back, aluminum frame","Just Black, Sorta Sage","{""Just Black"": ""images/phones/Google_Pixel_5_Just_Black.jpg"", ""Sorta Sage"": ""images/phones/Google_Pixel_5_Sorta_Sage.jpg""}",,,
Samsung,Galaxy S22,"128GB 8GB RAM, 256GB 12GB RAM, 512GB 12GB RAM, 1TB 12GB RAM",8/12GB RAM,"6.8""",TBD,5000mAh,228.00,146.0 x 70.6 x 7.6 mm,Octa-core (1x2.8 GHz Cortex-X2 & 3x2.50 GHz Cortex-A710 & 4x1.8 GHz Cortex-A510) - EuropeOcta-core (1x3.00 GHz Cortex-X2 & 3x2.50 GHz Cortex-A710 & 4x1.80 GHz Cortex-A510) - ROW,Android,2022,"1, 2, 3, 5, 7, 8, 12, 20, 25, 28, 38, 40, 41, 66, 75, 77, 78 SA/NSA/Sub6 - International","45W wired, PD3.015W wireless (Qi)4.5W reverse wireless",Corning Gorilla Glass Victus+,"Glass front (Gorilla Glass Victus+), glass back (Gorilla Glass Victus+), aluminum frame","Phantom Black, White, Green, Bora Purple","{""Phantom Black"": ""images/phones/Samsung_Galaxy_S22_Phantom_Black.jpg"", ""White"": ""images/phones/Samsung_Galaxy_S22_White.jpg"", ""Green"": ""images/phones/Samsung_Galaxy_S22_Green.jpg"", ""Bora Purple"": ""images/phones/Samsung_Galaxy_S22_Bora_Purple.jpg""}",,,
Samsung,Galaxy S24 Ultra,"256GB 12GB RAM, 512GB 12GB RAM, 1TB 12GB RAM",12GB RAM,"6.8""",TBD,5000mAh,232.00,162.3 x 79.0 x 8.6 mm,8-core (1x3.39GHz Cortex-X4 & 3x3.1GHz Cortex-A720 & 2x2.9GHz Cortex-A720 & 2x2.2GHz Cortex-A520),Android,2024,"1, 2, 3, 5, 7, 8, 12, 20, 25, 26, 28, 38, 40, 41, 66, 75, 77, 78 SA/NSA/Sub6 - International","45W wired, PD3.0, 65% in 30 min15W wireless (Qi)4.5W reverse wireless",Corning Gorilla Armor,"Glass front (Corning Gorilla Armor), glass back (Corning Gorilla Armor), titanium frame (grade 2)","Titanium Black, Titanium Gray, Titanium Yellow, Titanium Violet, Titanium Green, Titanium Blue, Titanium Orange","{""Titanium Black"": ""images/phones/Samsung_Galaxy_S24_Ultra_Titanium_Black.jpg"", ""Titanium Gray"": ""images/phones/Samsung_Galaxy_S24_Ultra_Titanium_Gray.jpg"", ""Titanium Yellow"": ""images/phones/Samsung_Galaxy_S24_Ultra_Titanium_Yellow.jpg"", ""Titanium Violet"": ""images/phones/Samsung_Galaxy_S24_Ultra_Titanium_Violet.jpg"", ""Titanium Green"": ""images/phones/Samsung_Galaxy_S24_Ultra_Titanium_Green.jpg"", ""Titanium Blue"": ""images/phones/Samsung_Galaxy_S24_Ultra_Titanium_Blue.jpg"", ""Titanium Orange"": ""images/phones/Samsung_Galaxy_S24_Ultra_Titanium_Orange.jpg""}",,,
Apple,iPhone 15 Plus,"128GB, 256GB, 512GB",6GB,"6.7""",Dual,4383mAh,201.00,160.9 x 77.8 x 7.80 mm,Apple A16 Bionic,iOS,2023,Technology,"Wired, PD2.0, 50% in 30 min15W wireless (MagSafe)15W wireless (Qi2) - requires iOS 17.2 update4.5W reverse wired",Ceramic Shield glass,"Glass front, glass back, aluminum frame","Black, Blue, Green, Yellow, Pink","{""Black"": ""images/phones/Apple_iPhone_15_Plus_Black.jpg"", ""Blue"": ""images/phones/Apple_iPhone_15_Plus_Blue.jpg"", ""Green"": ""images/phones/Apple_iPhone_15_Plus_Green.jpg"", ""Yellow"": ""images/phones/Apple_iPhone_15_Plus_Yellow.jpg"", ""Pink"": ""images/phones/Apple_iPhone_15_Plus_Pink.jpg""}",,,
Apple,iPhone 14 Pro,"128GB, 256GB, 512GB, 1TB",6GB,"6.1""",Triple,3200mAh,206.00,147.5 x 71.5 x 7.85 mm,Apple A16 Bionic,iOS,2022,Technology,"Wired, PD2.0, 50% in 30 min15W wireless (MagSafe)15W wireless (Qi2) - requires iOS 17.2 update",Ceramic Shield glass,"Glass front, glass back, stainless steel frame","Space Black, Silver, Gold, Deep Purple","{""Space Black"": ""images/phones/Apple_iPhone_14_Pro_Space_Black.jpg"", ""Silver"": ""images/phones/Apple_iPhone_14_Pro_Silver.jpg"", ""Gold"": ""images/phones/Apple_iPhone_14_Pro_Gold.jpg"", ""Deep Purple"": ""images/phones/Apple_iPhone_14_Pro_Deep_Purple.jpg""}",,,
Apple,iPhone 16,"128GB, 256GB, 512GB",8GB,"6.1""",Dual,3561mAh,170.00,147.6 x 71.6 x 7.80 mm,Apple A18,iOS,2024,Technology,"Wired, PD2.0, 50% in 30 min25W wireless (MagSafe), 15W wireless (China only)15W wireless (Qi2)4.5W reverse wired","Ceramic Shield glass (2024 gen), Mohs level 4","Glass front, glass back, titanium frame (grade 5)","Black, White, Pink, Teal, Ultramarine","{""Black"": ""images/phones/Apple_iPhone_16_Black.jpg"", ""White"": ""images/phones/Apple_iPhone_16_White.jpg"", ""Pink"": ""images/phones/Apple_iPhone_16_Pink.jpg"", ""Teal"": ""images/phones/Apple_iPhone_16_Teal.jpg"", ""Ultramarine"": ""images/phones/Apple_iPhone_16_Ultramarine.jpg""}",,,
ASUS,ROG Phone 5,"128GB 8GB RAM, 128GB 12GB RAM, 256GB 12GB RAM, 256GB 16GB RAM",8-16GB RAM,"6.78""",Triple,6000mAh,238.00,172.8 x 77.3 x 9.9 mm,Qualcomm SM8350 Snapdragon 888 5G (5 nm),Android,2021,Technology,"65W wired, PD3.0, QC5, 70% in 30 min, 100% in 52 min10W reverse wired",Corning Gorilla Glass Victus,"Glass front (Gorilla Glass Victus), glass back (Gorilla Glass 3), aluminum frame",Storm White,"{""Storm White"": ""images/phones/ASUS_ROG_Phone_5_Storm_White.jpg""}",,,
Google,Pixel 9 Pro XL,128GB/256GB/512GB/1TB,16GB,"6.8""",Triple,5060mAh,221.00,162.8 x 76.6 x 8.5 mm,Google Tensor G4,Android,2024,Technology,"37W wired, PD3.0, PPS, 70% in 30 min23W wireless (w/ Pixel Stand)12W wireless (w/ Qi compatible charger)Reverse wirelessBypass charging","Corning Gorilla Glass Victus 2, Mohs level 4","Glass front (Gorilla Glass Victus 2), glass back (Gorilla Glass Victus 2), aluminum frame","Obsidian, Hazel, Pink, Whitegreen","{""Obsidian"": ""images/phones/Google_Pixel_9_Pro_XL_Obsidian.jpg"", ""Hazel"": ""images/phones/Google_Pixel_9_Pro_XL_Hazel.jpg"", ""Pink"": ""images/phones/Google_Pixel_9_Pro_XL_Pink.jpg"", ""Whitegreen"": ""images/phones/Google_Pixel_9_Pro_XL_Whitegreen.jpg""}",,,
ASUS,ROG Phone 5 Pro,512GB 18GB RAM,18GB RAM,"6.78""",Triple,6000mAh,238.00,172.8 x 77.3 x 9.9 mm,Qualcomm SM8350 Snapdragon 888+ 5G (5 nm),Android,2021,Technology,"65W wired, PD3.0, QC5, 70% in 30 min, 100% in 52 min10W reverse wired",Corning Gorilla Glass Victus,"Glass front (Gorilla Glass Victus), glass back (Gorilla Glass 3), aluminum frame",Matte White,"{""Matte White"": ""images/phones/ASUS_ROG_Phone_5_Pro_Matte_White.jpg""}",,,
Apple,iPhone 16 Pro Max,"256GB, 512GB, 1TB",8GB,"6.9""",Triple,4685mAh,227.00,163.0 x 77.6 x 8.25 mm,Apple A18 Pro,iOS,2024,Technology,"Wired, PD2.0, 50% in 30 min25W wireless (MagSafe), 15W wireless (China only)15W wireless (Qi2)4.5W reverse wired","Ceramic Shield glass (2024 gen), Mohs level 4","Glass front, glass back, titanium frame (grade 5)","Black Titanium, White Titanium, Natural Titanium, Desert Titanium","{""Black Titanium"": ""images/phones/Apple_iPhone_16_Pro_Max_Black_Titanium.jpg"", ""White Titanium"": ""images/phones/Apple_iPhone_16_Pro_Max_White_Titanium.jpg"", ""Natural Titanium"": ""images/phones/Apple_iPhone_16_Pro_Max_Natural_Titanium.jpg"", ""Desert Titanium"": ""images/phones/Apple_iPhone_16_Pro_Max_Desert_Titanium.jpg""}",,,
Google,Pixel 7 Pro,128GB/256GB/512GB,12GB,"6.7""",Triple,5000mAh,210.00,162.9 x 76.6 x 8.9 mm,Google Tensor G2,Android,2022,Technology,"23W wired, PD3.0, 50% in 30 min23W wirelessReverse wireless",Corning Gorilla Glass Victus,"Glass front (Gorilla Glass Victus), glass back (Gorilla Glass Victus), aluminum frame","Obsidian, Snow, Hazel","{""Obsidian"": ""images/phones/Google_Pixel_7_Pro_Obsidian.jpg"", ""Snow"": ""images/phones/Google_Pixel_7_Pro_Snow.jpg"", ""Hazel"": ""images/phones/Google_Pixel_7_Pro_Hazel.jpg""}",,,
Apple,iPhone 13 Pro,"128GB, 256GB, 512GB, 1TB",6GB,"6.1""",Triple,3095mAh,203.00,146.7 x 71.5 x 7.65 mm,Apple A15 Bionic,iOS,2021,Technology,"Wired, PD2.0, 50% in 30 min15W wireless (MagSafe)15W wireless (Qi2) - requires iOS 17.2 update",Ceramic Shield glass,"Glass front, glass back, stainless steel frame","Graphite, Gold, Silver, Sierra Blue, Alpine Green","{""Graphite"": ""images/phones/Apple_iPhone_13_Pro_Graphite.jpg"", ""Gold"": ""images/phones/Apple_iPhone_13_Pro_Gold.jpg"", ""Silver"": ""images/phones/Apple_iPhone_13_Pro_Silver.jpg"", ""Sierra Blue"": ""images/phones/Apple_iPhone_13_Pro_Sierra_Blue.jpg"", ""Alpine Green"": ""images/phones/Apple_iPhone_13_Pro_Alpine_Green.jpg""}",,,
Apple,iPhone 15 Pro,"128GB, 256GB, 512GB, 1TB",8GB,"6.1""",Triple,3274mAh,187.00,146.6 x 70.6 x 8.25 mm,Apple A17 Pro,iOS,2023,Technology,"Wired, PD2.0, 50% in 30 min15W wireless (MagSafe)15W wireless (Qi2) - requires iOS 17.2 update4.5W reverse wired",Ceramic Shield glass,"Glass front, glass back, titanium frame (grade 5)","Black Titanium, White Titanium, Blue Titanium, Natural Titanium","{""Black Titanium"": ""images/phones/Apple_iPhone_15_Pro_Black_Titanium.jpg"", ""White Titanium"": ""images/phones/Apple_iPhone_15_Pro_White_Titanium.jpg"", ""Blue Titanium"": ""images/phones/Apple_iPhone_15_Pro_Blue_Titanium.jpg"", ""Natural Titanium"": ""images/phones/Apple_iPhone_15_Pro_Natural_Titanium.jpg""}",,,
Apple,iPhone 15 Pro Max,"256GB, 512GB, 1TB",8GB,"6.7""",Triple,4441mAh,221.00,159.9 x 76.7 x 8.25 mm,Apple A17 Pro,iOS,2023,Technology,"Wired, PD2.0, 50% in 30 min15W wireless (MagSafe)15W wireless (Qi2) - requires iOS 17.2 update4.5W reverse wired",Ceramic Shield glass,"Glass front, glass back, titanium frame (grade 5)","Black Titanium, White Titanium, Blue Titanium, Natural Titanium","{""Black Titanium"": ""images/phones/Apple_iPhone_15_Pro_Max_Black_Titanium.jpg"", ""White Titanium"": ""images/phones/Apple_iPhone_15_Pro_Max_White_Titanium.jpg"", ""Blue Titanium"": ""images/phones/Apple_iPhone_15_Pro_Max_Blue_Titanium.jpg"", ""Natural Titanium"": ""images/phones/Apple_iPhone_15_Pro_Max_Natural_Titanium.jpg""}",,,
Samsung,Galaxy S23,"256GB 8GB RAM, 256GB 12GB RAM, 512GB 12GB RAM, 1TB 12GB RAM",8/12GB RAM,"6.8""",TBD,5000mAh,234.00,146.3 x 70.9 x 7.6 mm,Octa-core (1x3.36 GHz Cortex-X3 & 2x2.8 GHz Cortex-A715 & 2x2.8 GHz Cortex-A710 & 3x2.0 GHz Cortex-A510),Android,2023,"1, 2, 3, 5, 7, 8, 12, 20, 25, 28, 38, 40, 41, 66, 75, 77, 78 SA/NSA/Sub6 - International","45W wired, PD3.0, 65% in 30 min15W wireless (Qi)4.5W reverse wireless",Corning Gorilla Glass Victus 2,"Glass front (Gorilla Glass Victus 2), glass back (Gorilla Glass Victus 2), aluminum frame","Phantom Black, Cream, Green, Lavender","{""Phantom Black"": ""images/phones/Samsung_Galaxy_S23_Phantom_Black.jpg"", ""Cream"": ""images/phones/Samsung_Galaxy_S23_Cream.jpg"", ""Green"": ""images/phones/Samsung_Galaxy_S23_Green.jpg"", ""Lavender"": ""images/phones/Samsung_Galaxy_S23_Lavender.jpg""}",,,
Google,Pixel 7a,128GB,8GB,"6.1""",Dual,4385mAh,193.50,152.4 x 72.9 x 9.0 mm,Google Tensor G2,Android,2023,Technology,"18W wired, PD3.07.5W wireless",Corning Gorilla Glass 3,"Glass front (Gorilla Glass 3), aluminum frame, plastic back","Charcoal, Snow, Sea, Coral","{""Charcoal"": ""images/phones/Google_Pixel_7a_Charcoal.jpg"", ""Snow"": ""images/phones/Google_Pixel_7a_Snow.jpg"", ""Sea"": ""images/phones/Google_Pixel_7a_Sea.jpg"", ""Coral"": ""images/phones/Google_Pixel_7a_Coral.jpg""}",,,
Samsung,Galaxy S22+,"128GB 8GB RAM, 256GB 12GB RAM, 512GB 12GB RAM, 1TB 12GB RAM",8/12GB RAM,"6.8""",TBD,5000mAh,228.00,157.4 x 75.8 x 7.6 mm,Octa-core (1x2.8 GHz Cortex-X2 & 3x2.50 GHz Cortex-A710 & 4x1.8 GHz Cortex-A510) - EuropeOcta-core (1x3.00 GHz Cortex-X2 & 3x2.50 GHz Cortex-A710 & 4x1.80 GHz Cortex-A510) - ROW,Android,2022,"1, 2, 3, 5, 7, 8, 12, 20, 25, 28, 38, 40, 41, 66, 75, 77, 78 SA/NSA/Sub6 - International","45W wired, PD3.015W wireless (Qi)4.5W reverse wireless",Corning Gorilla Glass Victus+,"Glass front (Gorilla Glass Victus+), glass back (Gorilla Glass Victus+), aluminum frame","Phantom Black, White, Green, Bora Purple","{""Phantom Black"": ""images/phones/Samsung_Galaxy_S22_Plus_Phantom_Black.jpg"", ""White"": ""images/phones/Samsung_Galaxy_S22_Plus_White.jpg"", ""Green"": ""images/phones/Samsung_Galaxy_S22_Plus_Green.jpg"", ""Bora Purple"": ""images/phones/Samsung_Galaxy_S22_Plus_Bora_Purple.jpg""}",,,
Samsung,Galaxy Z Fold6,"256GB 12GB RAM, 512GB 12GB RAM, 1TB 12GB RAM, 1TB 16GB RAM",12/16GB RAM,"8.0""",Triple,4400mAh,239.00,153.5 x 132.6 x 5.6 mm,Qualcomm Snapdragon 8 Gen 3,Android,2024,"1, 2, 3, 5, 7, 8, 12, 20, 25, 26, 28, 38, 40, 41, 66, 75, 77, 78 SA/NSA/Sub6 - International","25W wired, QC2.0, 50% in 30 min15W wireless4.5W reverse wireless",,"Glass front (Gorilla Glass Victus 2) (folded), plastic front (unfolded), glass back (Gorilla Glass Victus 2), aluminum frame","Black, Pink, Silver Shadow, Navy","{""Black"": ""images/phones/Samsung_Galaxy_Z_Fold6_Black.jpg"", ""Pink"": ""images/phones/Samsung_Galaxy_Z_Fold6_Pink.jpg"", ""Silver Shadow"": ""images/phones/Samsung_Galaxy_Z_Fold6_Silver_Shadow.jpg"", ""Navy"": ""images/phones/Samsung_Galaxy_Z_Fold6_Navy.jpg""}",,,
Google,Pixel 9 Pro,128GB/256GB/512GB,16GB,"6.3""",Triple,4700mAh,199.00,152.8 x 72.0 x 8.5 mm,Google Tensor G4,Android,2024,Technology,"27W wired, PD3.0, PPS, 55% in 30 min21W wireless (w/ Pixel Stand)12W wireless (w/ Qi compatible charger)Reverse wirelessBypass charging","Corning Gorilla Glass Victus 2, Mohs level 4","Glass front (Gorilla Glass Victus 2), glass back (Gorilla Glass Victus 2), aluminum frame","Obsidian, Hazel, Pink, Whitegreen","{""Obsidian"": ""images/phones/Google_Pixel_9_Pro_Obsidian.jpg"", ""Hazel"": ""images/phones/Google_Pixel_9_Pro_Hazel.jpg"", ""Pink"": ""images/phones/Google_Pixel_9_Pro_Pink.jpg"", ""Whitegreen"": ""images/phones/Google_Pixel_9_Pro_Whitegreen.jpg""}",,,
Samsung,Galaxy Z Fold4,"256GB 12GB RAM, 512GB 12GB RAM, 1TB 12GB RAM, 1TB 16GB RAM",12/16GB RAM,"8.0""",Triple,4400mAh,263.00,155.1 x 130.1 x 6.3 mm,Qualcomm Snapdragon 8+ Gen 1,Android,2022,"1, 2, 3, 5, 7, 8, 12, 20, 25, 28, 38, 40, 41, 66, 75, 77, 78 SA/NSA/Sub6 - International","25W wired, 50% in 30 min15W wireless4.5W reverse wireless",,"Glass front (Gorilla Glass Victus+) (folded), plastic front (unfolded), glass back (Gorilla Glass Victus+), aluminum frame","Phantom Black, Beige, Gray Green","{""Phantom Black"": ""images/phones/Samsung_Galaxy_Z_Fold4_Phantom_Black.jpg"", ""Beige"": ""images/phones/Samsung_Galaxy_Z_Fold4_Beige.jpg"", ""Gray Green"": ""images/phones/Samsung_Galaxy_Z_Fold4_Graygreen.jpg""}",,,
Samsung,Galaxy S20,"128GB 6GB RAM, 128GB 8GB RAM, 256GB 6GB RAM, 256GB 8GB RAM",6/8GB RAM,"6.5""",Triple,4500mAh,190.00,151.7 x 69.1 x 7.9 mm,Octa-core (1x2.84 GHz Cortex-A77 & 3x2.42 GHz Cortex-A77 & 4x1.80 GHz Cortex-A55),"Android 10, up to Android 13, One UI 5.1",2020,"2, 5, 41, 66, 71 Sub6 - USA","25W wired, PD3.015W wireless (Qi)4.5W reverse wireless",Corning Gorilla Glass 3,"Glass front (Gorilla Glass 3), plastic back, aluminum frame","Cloud White, Aura Red, Cloud Blue","{""Cloud Blue"": ""images/phones/Samsung_Galaxy_S20_Cloud_Blue.jpg"", ""Cloud White"": ""images/phones/Samsung_Galaxy_S20_Cloud_White.jpg"", ""Aura Red"": ""images/phones/Samsung_Galaxy_S20_Aura_Red.jpg""}",,,
Samsung,Galaxy S21+,"128GB 8GB RAM, 128GB 12GB RAM, 256GB 12GB RAM, 256GB 16GB RAM, 512GB 12GB RAM, 512GB 16GB RAM",8-16GB RAM,"6.8""",TBD,5000mAh,227.00,161.5 x 75.6 x 7.8 mm,Octa-core (1x2.9 GHz Cortex-X1 & 3x2.80 GHz Cortex-A78 & 4x2.2 GHz Cortex-A55) - InternationalOcta-core (1x2.84 GHz Cortex-X1 & 3x2.42 GHz Cortex-A78 & 4x1.80 GHz Cortex-A55) - USA/China,Android,2021,"2, 5, 25, 41, 66, 71, 260, 261 SA/NSA/Sub6/mmWave - SM-G996U1","25W wired, PD3.015W wireless (Qi)4.5W reverse wireless",Corning Gorilla Glass Victus,"Glass front (Gorilla Glass Victus), glass back (Gorilla Glass Victus), aluminum frame","Phantom Black, Phantom Silver, PhantomViolet","{""Phantom Black"": ""images/phones/Samsung_Galaxy_S21_Plus_Phantom_Black.jpg"", ""Phantom Silver"": ""images/phones/Samsung_Galaxy_S21_Plus_Phantom_Silver.jpg"", ""Phantom Violet"": ""images/phones/Samsung_Galaxy_S21_Plus_PhantomViolet.jpg""}",,,
ASUS,ROG Phone 8,256GB/512GB,12GB/16GB,"6.78""",Triple,6000mAh,225.00,173.0 x 77.0 x 10.3 mm,Qualcomm SM8650-AB Snapdragon 8 Gen 3 (4 nm),Android,2024,Technology,"65W wired, PD3.0, PPS, QC5, 100% in 39 min - International30W wired, PD3.0, PPS - India15W wireless (Qi)10W reverse wired",Corning Gorilla Glass Victus 2,"Glass front (Gorilla Glass Victus 2), glass back (Gorilla Glass), aluminum frame",Rebel Grey,"{""Rebel Grey"": ""images/phones/ASUS_ROG_Phone_8_Rebel_Grey.jpg""}",,,
Samsung,Galaxy S22 Ultra,"128GB 8GB RAM, 256GB 12GB RAM, 512GB 12GB RAM, 1TB 12GB RAM",8/12GB RAM,"6.8""",TBD,5000mAh,228.00,163.3 x 77.9 x 8.9 mm,Octa-core (1x2.8 GHz Cortex-X2 & 3x2.50 GHz Cortex-A710 & 4x1.8 GHz Cortex-A510) - EuropeOcta-core (1x3.00 GHz Cortex-X2 & 3x2.50 GHz Cortex-A710 & 4x1.80 GHz Cortex-A510) - ROW,Android,2022,"1, 2, 3, 5, 7, 8, 12, 20, 25, 28, 38, 40, 41, 66, 75, 77, 78 SA/NSA/Sub6 - International","45W wired, PD3.015W wireless (Qi)4.5W reverse wireless",Corning Gorilla Glass Victus+,"Glass front (Gorilla Glass Victus+), glass back (Gorilla Glass Victus+), aluminum frame","Phantom Black, White, Green, Sky Blue","{""Phantom Black"": ""images/phones/Samsung_Galaxy_S22_Ultra_Phantom_Black.jpg"", ""White"": ""images/phones/Samsung_Galaxy_S22_Ultra_White.jpg"", ""Green"": ""images/phones/Samsung_Galaxy_S22_Ultra_Green.jpg"", ""Sky Blue"": ""images/phones/Samsung_Galaxy_S22_Ultra_Sky_Blue.jpg""}",,,
Samsung,Galaxy Z Fold3,"256GB 12GB RAM, 512GB 12GB RAM, 1TB 12GB RAM, 1TB 16GB RAM",12/16GB RAM,"8.0""",Triple,4400mAh,271.00,158.2 x 128.1 x 6.4 mm,Qualcomm Snapdragon 888,Android,2021,"1, 3, 5, 7, 8, 20, 28, 38, 40, 41, 66, 77, 78 SA/NSA/Sub6 - International",25W wired11W wireless4.5W reverse wireless,,"Glass front (Gorilla Glass Victus) (folded), plastic front (unfolded), glass back (Gorilla Glass Victus), aluminum frame","Phantom Black, Phantom Green, Phantom Silver","{""Phantom Black"": ""images/phones/Samsung_Galaxy_Z_Fold3_Phantom_Black.jpg"", ""Phantom Green"": ""images/phones/Samsung_Galaxy_Z_Fold3_Phantom_Green.jpg"", ""Phantom Silver"": ""images/phones/Samsung_Galaxy_Z_Fold3_Phantom_Silver.jpg""}",,,
